{
      "random_compare": 0.5058293650499449,
      "few_shot_random_compare_t_test": 0.05796193222657545,
      "few_shot_random_compare_u_test": 0.43047362415857615,
      "few_shot_yes_random": [
            0.4185318077449268,
            0.3818724642317881,
            0.4309278981590075,
            0.31192604048116196,
            0.4185318077449268,
            0.3008223202480922,
            0.3818724642317881,
            0.49368927562304427,
            0.48107414180330776,
            0.35798728994459894,
            0.3939925067638186,
            0.20989538402302071,
            0.5189258581966922,
            0.455913205876692,
            0.544086794123308,
            0.5063107243769558,
            0.3818724642317881,
            0.346243417758084,
            0.4309278981590075
      ],
      "large_ratio_random": [
            0.5555555555555556,
            0.6111111111111112,
            0.5,
            0.8333333333333334,
            0.5,
            0.7222222222222222,
            0.7222222222222222,
            0.5555555555555556,
            0.4444444444444444,
            0.7222222222222222,
            0.6666666666666666,
            0.8333333333333334,
            0.3333333333333333,
            0.4444444444444444,
            0.5,
            0.5,
            0.6666666666666666,
            0.7777777777777778,
            0.5
      ],
      "few_shot_yes_ce": [
            0.4309278981590075,
            0.406216104065871,
            0.35798728994459894,
            0.4185318077449268,
            0.4433924178046085,
            0.33464556330904455,
            0.4309278981590075,
            0.46847793383497877,
            0.5937838959341291,
            0.4185318077449268,
            0.48107414180330776,
            0.3698671215571327,
            0.5063107243769558,
            0.544086794123308,
            0.6181275357682119,
            0.6880739595188381,
            0.406216104065871,
            0.406216104065871,
            0.5189258581966922
      ],
      "large_ratio_ce": [
            0.4309278981590075,
            0.406216104065871,
            0.35798728994459894,
            0.4185318077449268,
            0.4433924178046085,
            0.33464556330904455,
            0.4309278981590075,
            0.46847793383497877,
            0.5937838959341291,
            0.4185318077449268,
            0.48107414180330776,
            0.3698671215571327,
            0.5063107243769558,
            0.544086794123308,
            0.6181275357682119,
            0.6880739595188381,
            0.406216104065871,
            0.406216104065871,
            0.5189258581966922
      ]
}