{
      "random_compare": 0.5043852404458898,
      "few_shot_random_compare_t_test": 0.0018318980484066923,
      "few_shot_random_compare_u_test": 0.2342312426861658,
      "few_shot_yes_random": [
            0.2906089160084211,
            0.495317995944595,
            0.495317995944595,
            0.34926767915166934,
            0.2826188180871631,
            0.2090259542678003,
            0.31519114590478475,
            0.3756671562788168,
            0.2158362172519021,
            0.2298357954792819,
            0.3667953234751332,
            0.29870313481377814,
            0.29870313481377814,
            0.2593025082143628,
            0.34926767915166934,
            0.38460522089181814,
            0.3068983150399779,
            0.237021885951249,
            0.38460522089181814
      ],
      "large_ratio_random": [
            0.7727272727272727,
            0.36363636363636365,
            0.45454545454545453,
            0.6818181818181818,
            0.8636363636363636,
            0.7272727272727273,
            0.6818181818181818,
            0.6363636363636364,
            0.7272727272727273,
            0.8636363636363636,
            0.5909090909090909,
            0.8181818181818182,
            0.6818181818181818,
            0.8181818181818182,
            0.7727272727272727,
            0.6818181818181818,
            0.6363636363636364,
            0.8181818181818182,
            0.6818181818181818
      ],
      "few_shot_yes_ce": [
            0.22277334062898896,
            0.5420607771670265,
            0.6243328437211831,
            0.3756671562788168,
            0.3068983150399779,
            0.43012941359827395,
            0.34926767915166934,
            0.4486394806300415,
            0.2443297491197815,
            0.29870313481377814,
            0.3406202441441619,
            0.3756671562788168,
            0.4859565669766532,
            0.3235781689656337,
            0.3936050520381826,
            0.5140434330233469,
            0.29870313481377814,
            0.1830782800970302,
            0.504682004055405
      ],
      "large_ratio_ce": [
            0.22277334062898896,
            0.5420607771670265,
            0.6243328437211831,
            0.3756671562788168,
            0.3068983150399779,
            0.43012941359827395,
            0.34926767915166934,
            0.4486394806300415,
            0.2443297491197815,
            0.29870313481377814,
            0.3406202441441619,
            0.3756671562788168,
            0.4859565669766532,
            0.3235781689656337,
            0.3936050520381826,
            0.5140434330233469,
            0.29870313481377814,
            0.1830782800970302,
            0.504682004055405
      ]
}