{
      "random_compare": 0.5036525358195846,
      "few_shot_random_compare_t_test": 0.13765024583388913,
      "few_shot_random_compare_u_test": 0.3743815158676743,
      "few_shot_yes_random": [
            0.5255364516698092,
            0.44598180968528295,
            0.1386157438086561,
            0.12217736001636026,
            0.1758396858303774,
            0.2609907240978716,
            0.25472417818532134,
            0.15189236269416595,
            0.5232087448251614,
            0.6510130738670238,
            0.6218889389961966,
            0.1343713862105385,
            0.3489869261329762,
            0.40794507743037356,
            0.08720019457509126,
            0.27375738444575526,
            0.3347396674029012,
            0.14295052948377396,
            0.09680203544711796,
            0.3561927640420123,
            0.07015782468867894,
            0.3855093120902819,
            0.37811106100380343,
            0.14737600352732044,
            0.29346858503462947
      ],
      "large_ratio_random": [
            0.38461538461538464,
            0.52,
            0.8,
            0.76,
            0.6,
            0.64,
            0.68,
            0.84,
            0.52,
            0.36,
            0.32,
            0.84,
            0.68,
            0.56,
            0.84,
            0.64,
            0.64,
            0.6,
            0.8,
            0.68,
            0.88,
            0.52,
            0.6,
            0.6,
            0.56
      ],
      "few_shot_yes_ce": [
            0.554586933213081,
            0.5309314130805151,
            0.24243146618921857,
            0.24243146618921857,
            0.1758396858303774,
            0.34183513851016756,
            0.438322837156388,
            0.3561927640420123,
            0.5,
            0.6438072359579877,
            0.44598180968528295,
            0.13021713446589334,
            0.5309314130805151,
            0.44598180968528295,
            0.17086827751367428,
            0.31381290251417965,
            0.4613575389778006,
            0.20204962396027426,
            0.10362105577142411,
            0.3561927640420123,
            0.13021713446589334,
            0.37811106100380343,
            0.6861870974858204,
            0.3489869261329762,
            0.40794507743037356
      ],
      "large_ratio_ce": [
            0.554586933213081,
            0.5309314130805151,
            0.24243146618921857,
            0.24243146618921857,
            0.1758396858303774,
            0.34183513851016756,
            0.438322837156388,
            0.3561927640420123,
            0.5,
            0.6438072359579877,
            0.44598180968528295,
            0.13021713446589334,
            0.5309314130805151,
            0.44598180968528295,
            0.17086827751367428,
            0.31381290251417965,
            0.4613575389778006,
            0.20204962396027426,
            0.10362105577142411,
            0.3561927640420123,
            0.13021713446589334,
            0.37811106100380343,
            0.6861870974858204,
            0.3489869261329762,
            0.40794507743037356
      ]
}