{
      "random_compare": 0.5041156341173944,
      "few_shot_random_compare_t_test": 0.16762021460576682,
      "few_shot_random_compare_u_test": 0.4304349022085098,
      "few_shot_yes_random": [
            0.4912362699802683,
            0.2839324816085472,
            0.4562657930780948,
            0.4912362699802683,
            0.36260405264973905,
            0.4912362699802683,
            0.430243823092944,
            0.3222727576778843,
            0.18386424443112004,
            0.41305559351701493,
            0.2342312426861658,
            0.3301917998797358,
            0.36260405264973905,
            0.2692321061726033,
            0.5175232314605291,
            0.5087637300197316,
            0.2839324816085472,
            0.3144335706835917,
            0.47372571813654374,
            0.22097001023951618,
            0.3708746485144854,
            0.5437342069219052,
            0.47372571813654374
      ],
      "large_ratio_random": [
            0.5217391304347826,
            0.6521739130434783,
            0.6521739130434783,
            0.391304347826087,
            0.5652173913043478,
            0.43478260869565216,
            0.5217391304347826,
            0.6086956521739131,
            0.6086956521739131,
            0.6521739130434783,
            0.7391304347826086,
            0.5652173913043478,
            0.5217391304347826,
            0.6521739130434783,
            0.4782608695652174,
            0.30434782608695654,
            0.6086956521739131,
            0.5217391304347826,
            0.391304347826087,
            0.6086956521739131,
            0.4782608695652174,
            0.43478260869565216,
            0.4782608695652174
      ],
      "few_shot_yes_ce": [
            0.5524347220447272,
            0.5954785688812181,
            0.5350126709948135,
            0.47372571813654374,
            0.4649873290051865,
            0.6039675444845576,
            0.42163104350975544,
            0.2692321061726033,
            0.19577825415279598,
            0.42163104350975544,
            0.30667717797737337,
            0.430243823092944,
            0.3543970764382067,
            0.30667717797737337,
            0.5087637300197316,
            0.87335556186886,
            0.27653440483168124,
            0.3301917998797358
      ],
      "large_ratio_ce": [
            0.5524347220447272,
            0.5954785688812181,
            0.5350126709948135,
            0.47372571813654374,
            0.4649873290051865,
            0.6039675444845576,
            0.42163104350975544,
            0.2692321061726033,
            0.19577825415279598,
            0.42163104350975544,
            0.30667717797737337,
            0.430243823092944,
            0.3543970764382067,
            0.30667717797737337,
            0.5087637300197316,
            0.87335556186886,
            0.27653440483168124,
            0.3301917998797358
      ]
}